"","data_id","language","form","age","gender","mom_ed","comprehension","production"
"1",70415,"Danish","WS",29,"Male",NA,516,516
"2",70416,"Danish","WS",29,"Female",NA,460,460
"3",70417,"Danish","WS",29,"Female","Secondary",420,420
"4",70418,"Danish","WS",29,"Female","Graduate",507,507
"5",70419,"Danish","WS",29,"Female","Graduate",415,415
"6",70420,"Danish","WS",29,"Female","Some College",434,434
"7",70421,"Danish","WS",29,"Male","Some College",68,68
"8",70422,"Danish","WS",29,"Male","Some College",437,437
"9",70423,"Danish","WS",29,"Male","Some College",569,569
"10",70424,"Danish","WS",29,"Male","Some College",625,625
"11",70425,"Danish","WS",29,"Female",NA,584,584
"12",70426,"Danish","WS",29,"Female","Secondary",578,578
"13",70427,"Danish","WS",29,"Female","Graduate",639,639
"14",70428,"Danish","WS",29,"Male",NA,522,522
"15",70429,"Danish","WS",29,"Female","Some College",572,572
"16",70430,"Danish","WS",29,"Female","Secondary",367,367
"17",70431,"Danish","WS",28,"Male",NA,505,505
"18",70432,"Danish","WS",28,"Female",NA,416,416
"19",70433,"Danish","WS",29,"Male","Some College",437,437
"20",70434,"Danish","WS",29,"Male","Graduate",27,27
"21",70435,"Danish","WS",29,"Female","Some College",686,686
"22",70436,"Danish","WS",28,"Female","Some College",440,440
"23",70437,"Danish","WS",28,"Male",NA,262,262
"24",70438,"Danish","WS",28,"Male","Graduate",324,324
"25",70439,"Danish","WS",28,"Male",NA,479,479
"26",70440,"Danish","WS",28,"Male","Some College",536,536
"27",70441,"Danish","WS",28,"Male",NA,318,318
"28",70442,"Danish","WS",28,"Male","Some College",378,378
"29",70443,"Danish","WS",28,"Male",NA,372,372
"30",70444,"Danish","WS",28,"Female","Some College",463,463
"31",70445,"Danish","WS",28,"Female",NA,490,490
"32",70446,"Danish","WS",29,"Female",NA,407,407
"33",70447,"Danish","WS",28,"Female","Graduate",663,663
"34",70448,"Danish","WS",28,"Female","Graduate",493,493
"35",70449,"Danish","WS",28,"Female","Some College",578,578
"36",70450,"Danish","WS",28,"Male",NA,432,432
"37",70451,"Danish","WS",28,"Male","Some College",278,278
"38",70452,"Danish","WS",28,"Female","Some College",353,353
"39",70453,"Danish","WS",28,"Female","Some College",357,357
"40",70454,"Danish","WS",28,"Male",NA,393,393
"41",70455,"Danish","WS",30,"Female","Graduate",522,522
"42",70456,"Danish","WS",30,"Female","Graduate",591,591
"43",70457,"Danish","WS",30,"Female","Graduate",564,564
"44",70458,"Danish","WS",30,"Male","Primary",528,528
"45",70459,"Danish","WS",30,"Male","Some College",442,442
"46",70460,"Danish","WS",30,"Male",NA,465,465
"47",70461,"Danish","WS",30,"Female","Some College",474,474
"48",70462,"Danish","WS",30,"Female","Some College",449,449
"49",70463,"Danish","WS",26,"Female","Graduate",183,183
"50",70464,"Danish","WS",30,"Male","Some College",554,554
"51",70465,"Danish","WS",30,"Male","Some College",430,430
"52",70466,"Danish","WS",30,"Female",NA,364,364
"53",70467,"Danish","WS",30,"Male","Some College",423,423
"54",70468,"Danish","WS",30,"Male",NA,555,555
"55",70469,"Danish","WS",30,"Male","Some College",363,363
"56",70470,"Danish","WS",30,"Female",NA,595,595
"57",70471,"Danish","WS",30,"Female","Graduate",571,571
"58",70472,"Danish","WS",30,"Female",NA,642,642
"59",70473,"Danish","WS",30,"Male","Some College",258,258
"60",70474,"Danish","WS",30,"Male",NA,577,577
"61",70475,"Danish","WS",30,"Male","Graduate",574,574
"62",70476,"Danish","WS",30,"Female",NA,454,454
"63",70477,"Danish","WS",30,"Male","Graduate",668,668
"64",70478,"Danish","WS",30,"Male",NA,597,597
"65",70479,"Danish","WS",30,"Male",NA,378,378
"66",70480,"Danish","WS",27,"Male","Some College",608,608
"67",70481,"Danish","WS",27,"Female","Graduate",453,453
"68",70482,"Danish","WS",27,"Male","Some College",411,411
"69",70483,"Danish","WS",27,"Male","Some College",544,544
"70",70484,"Danish","WS",27,"Male",NA,94,94
"71",70485,"Danish","WS",27,"Female","Some College",357,357
"72",70486,"Danish","WS",27,"Female","Some College",253,253
"73",70487,"Danish","WS",23,"Female",NA,562,562
"74",70488,"Danish","WS",27,"Male",NA,246,246
"75",70489,"Danish","WS",27,"Male",NA,59,59
"76",70490,"Danish","WS",27,"Male","Primary",521,521
"77",70491,"Danish","WS",27,"Male",NA,344,344
"78",70492,"Danish","WS",27,"Female","Some College",571,571
"79",70493,"Danish","WS",27,"Female","Some College",544,544
"80",70494,"Danish","WS",27,"Female",NA,447,447
"81",70495,"Danish","WS",27,"Female","Graduate",493,493
"82",70496,"Danish","WS",27,"Male","Some College",656,656
"83",70497,"Danish","WS",27,"Female","Graduate",180,180
"84",70498,"Danish","WS",27,"Female",NA,293,293
"85",70499,"Danish","WS",26,"Male","Graduate",266,266
"86",70500,"Danish","WS",26,"Female",NA,705,705
"87",70501,"Danish","WS",26,"Female",NA,418,418
"88",70502,"Danish","WS",26,"Male","Some College",251,251
"89",70503,"Danish","WS",26,"Female",NA,671,671
"90",70504,"Danish","WS",26,"Female","Some College",562,562
"91",70505,"Danish","WS",26,"Male","Some College",261,261
"92",70506,"Danish","WS",26,"Female","Some College",327,327
"93",70507,"Danish","WS",26,"Male","Secondary",153,153
"94",70508,"Danish","WS",26,"Male","Some College",399,399
"95",70509,"Danish","WS",26,"Male","Graduate",474,474
"96",70510,"Danish","WS",26,"Female","Some College",445,445
"97",70511,"Danish","WS",26,"Female","Graduate",428,428
"98",70512,"Danish","WS",26,"Female",NA,263,263
"99",70513,"Danish","WS",26,"Female",NA,511,511
"100",70514,"Danish","WS",26,"Female",NA,322,322
"101",70515,"Danish","WS",26,"Female","Some College",466,466
"102",70516,"Danish","WS",26,"Female",NA,674,674
"103",70517,"Danish","WS",26,"Female","Some College",621,621
"104",70518,"Danish","WS",27,"Male","Some College",26,26
"105",70519,"Danish","WS",26,"Male","Some College",102,102
"106",70520,"Danish","WS",26,"Male","Secondary",333,333
"107",70521,"Danish","WS",26,"Female",NA,371,371
"108",70522,"Danish","WS",26,"Female","Some College",221,221
"109",70523,"Danish","WS",25,"Male","Primary",436,436
"110",70524,"Danish","WS",25,"Female","Graduate",90,90
"111",70525,"Danish","WS",25,"Female","Some College",623,623
"112",70526,"Danish","WS",25,"Male","Some College",34,34
"113",70527,"Danish","WS",25,"Female","Graduate",296,296
"114",70528,"Danish","WS",25,"Female","Some College",364,364
"115",70529,"Danish","WS",25,"Female","Some College",77,77
"116",70530,"Danish","WS",25,"Female",NA,287,287
"117",70531,"Danish","WS",21,"Male","Some College",25,25
"118",70532,"Danish","WS",21,"Male",NA,83,83
"119",70533,"Danish","WS",21,"Male",NA,39,39
"120",70534,"Danish","WS",21,"Female","Some College",207,207
"121",70535,"Danish","WS",21,"Female","Graduate",544,544
"122",70536,"Danish","WS",21,"Female",NA,18,18
"123",70537,"Danish","WS",21,"Female","Some College",118,118
"124",70538,"Danish","WS",22,"Male","Some College",298,298
"125",70539,"Danish","WS",21,"Female",NA,129,129
"126",70540,"Danish","WS",21,"Male",NA,64,64
"127",70541,"Danish","WS",21,"Male",NA,357,357
"128",70542,"Danish","WS",21,"Male",NA,20,20
"129",70543,"Danish","WS",21,"Male","Some College",54,54
"130",70544,"Danish","WS",21,"Male","Some College",340,340
"131",70545,"Danish","WS",21,"Male","Some College",11,11
"132",70546,"Danish","WS",21,"Male","Some College",108,108
"133",70547,"Danish","WS",21,"Male","Some College",20,20
"134",70548,"Danish","WS",21,"Male","Some College",34,34
"135",70549,"Danish","WS",21,"Male","Some College",88,88
"136",70550,"Danish","WS",21,"Male","Secondary",362,362
"137",70551,"Danish","WS",21,"Male","Secondary",258,258
"138",70552,"Danish","WS",21,"Male","Some College",4,4
"139",70553,"Danish","WS",21,"Female","Some College",130,130
"140",70554,"Danish","WS",21,"Female",NA,248,248
"141",70555,"Danish","WS",21,"Female","Some College",33,33
"142",70556,"Danish","WS",21,"Female",NA,170,170
"143",70557,"Danish","WS",21,"Male","Some College",359,359
"144",70558,"Danish","WS",21,"Male","Some College",38,38
"145",70559,"Danish","WS",21,"Female","Some College",220,220
"146",70560,"Danish","WS",20,"Male","Graduate",34,34
"147",70561,"Danish","WS",20,"Male","Some College",60,60
"148",70562,"Danish","WS",20,"Female",NA,51,51
"149",70563,"Danish","WS",20,"Male","Graduate",95,95
"150",70564,"Danish","WS",20,"Female",NA,204,204
"151",70565,"Danish","WS",20,"Male","Some College",19,19
"152",70566,"Danish","WS",20,"Female","Secondary",220,220
"153",70567,"Danish","WS",20,"Female",NA,40,40
"154",70568,"Danish","WS",20,"Female","Some College",141,141
"155",70569,"Danish","WS",20,"Female","Graduate",266,266
"156",70570,"Danish","WS",20,"Female",NA,540,540
"157",70571,"Danish","WS",20,"Male",NA,34,34
"158",70572,"Danish","WS",20,"Male",NA,36,36
"159",70573,"Danish","WS",20,"Male","Graduate",276,276
"160",70574,"Danish","WS",20,"Male",NA,58,58
"161",70575,"Danish","WS",20,"Male",NA,22,22
"162",70576,"Danish","WS",20,"Female","Some College",23,23
"163",70577,"Danish","WS",19,"Female","Some College",32,32
"164",70578,"Danish","WS",19,"Male","Some College",73,73
"165",70579,"Danish","WS",19,"Male","Some College",1,1
"166",70580,"Danish","WS",19,"Female","Some College",42,42
"167",70581,"Danish","WS",19,"Male","Secondary",14,14
"168",70582,"Danish","WS",19,"Male","Some College",21,21
"169",70583,"Danish","WS",19,"Male",NA,20,20
"170",70584,"Danish","WS",19,"Female",NA,28,28
"171",70585,"Danish","WS",19,"Male",NA,125,125
"172",70586,"Danish","WS",19,"Male","Secondary",33,33
"173",70587,"Danish","WS",19,"Female","Graduate",17,17
"174",70588,"Danish","WS",19,"Male",NA,23,23
"175",70589,"Danish","WS",19,"Male",NA,20,20
"176",70590,"Danish","WS",19,"Female","Some College",54,54
"177",70591,"Danish","WS",19,"Female","Some College",95,95
"178",70592,"Danish","WS",19,"Male","Secondary",107,107
"179",70593,"Danish","WS",19,"Male",NA,115,115
"180",70594,"Danish","WS",19,"Male","Some College",159,159
"181",70595,"Danish","WS",19,"Female",NA,25,25
"182",70596,"Danish","WS",19,"Male","Graduate",75,75
"183",70597,"Danish","WS",18,"Female","Some College",38,38
"184",70598,"Danish","WS",18,"Female",NA,35,35
"185",70599,"Danish","WS",18,"Male","Graduate",97,97
"186",70600,"Danish","WS",18,"Male","Graduate",133,133
"187",70601,"Danish","WS",18,"Male","Graduate",25,25
"188",70602,"Danish","WS",18,"Female","Some College",89,89
"189",70603,"Danish","WS",18,"Female",NA,15,15
"190",70604,"Danish","WS",18,"Male","Some College",20,20
"191",70605,"Danish","WS",18,"Male","Primary",128,128
"192",70606,"Danish","WS",18,"Female","Some College",31,31
"193",70607,"Danish","WS",18,"Female","Some College",62,62
"194",70608,"Danish","WS",18,"Female","Some College",121,121
"195",70609,"Danish","WS",18,"Female",NA,232,232
"196",70610,"Danish","WS",18,"Female","Some College",63,63
"197",70611,"Danish","WS",18,"Female",NA,64,64
"198",70612,"Danish","WS",18,"Male",NA,21,21
"199",70613,"Danish","WS",18,"Male","Some College",79,79
"200",70614,"Danish","WS",18,"Female","Graduate",107,107
"201",70615,"Danish","WS",18,"Female","Graduate",12,12
"202",70616,"Danish","WS",28,"Female",NA,127,127
"203",70617,"Danish","WS",23,"Female",NA,145,145
"204",70618,"Danish","WS",23,"Male","Some College",215,215
"205",70619,"Danish","WS",23,"Male","Graduate",410,410
"206",70620,"Danish","WS",23,"Female",NA,530,530
"207",70621,"Danish","WS",23,"Female","Some College",311,311
"208",70622,"Danish","WS",23,"Female","Some College",371,371
"209",70623,"Danish","WS",23,"Female","Some College",92,92
"210",70624,"Danish","WS",23,"Female",NA,273,273
"211",70625,"Danish","WS",23,"Female","Some College",321,321
"212",70626,"Danish","WS",23,"Male",NA,157,157
"213",70627,"Danish","WS",23,"Male",NA,532,532
"214",70628,"Danish","WS",23,"Female",NA,153,153
"215",70629,"Danish","WS",23,"Female","Graduate",386,386
"216",70630,"Danish","WS",23,"Female","Some College",52,52
"217",70631,"Danish","WS",23,"Female",NA,274,274
"218",70632,"Danish","WS",23,"Female",NA,165,165
"219",70633,"Danish","WS",23,"Male","Some College",28,28
"220",70634,"Danish","WS",23,"Male","Graduate",108,108
"221",70635,"Danish","WS",22,"Male","Some College",138,138
"222",70636,"Danish","WS",22,"Female","Some College",18,18
"223",70637,"Danish","WS",22,"Female",NA,180,180
"224",70638,"Danish","WS",22,"Male",NA,165,165
"225",70639,"Danish","WS",22,"Male","Some College",6,6
"226",70640,"Danish","WS",22,"Male","Some College",58,58
"227",70641,"Danish","WS",22,"Female","Some College",395,395
"228",70642,"Danish","WS",22,"Female","Some College",98,98
"229",70643,"Danish","WS",22,"Female","Primary",91,91
"230",70644,"Danish","WS",22,"Female","Some College",76,76
"231",70645,"Danish","WS",22,"Female",NA,323,323
"232",70646,"Danish","WS",22,"Male",NA,93,93
"233",70647,"Danish","WS",22,"Female",NA,153,153
"234",70648,"Danish","WS",22,"Female","Some College",107,107
"235",70649,"Danish","WS",22,"Male","Secondary",413,413
"236",70650,"Danish","WS",24,"Male",NA,296,296
"237",70651,"Danish","WS",24,"Male","Some College",564,564
"238",70652,"Danish","WS",24,"Female",NA,510,510
"239",70653,"Danish","WS",24,"Female",NA,319,319
"240",70654,"Danish","WS",24,"Male","Some College",687,687
"241",70655,"Danish","WS",24,"Female","Some College",464,464
"242",70656,"Danish","WS",24,"Female","Secondary",383,383
"243",70657,"Danish","WS",24,"Female","Some College",96,96
"244",70658,"Danish","WS",24,"Male","Some College",115,115
"245",70659,"Danish","WS",24,"Male","Secondary",465,465
"246",70660,"Danish","WS",24,"Male","Some College",282,282
"247",70661,"Danish","WS",24,"Male","Graduate",154,154
"248",70662,"Danish","WS",24,"Female","Graduate",322,322
"249",70663,"Danish","WS",24,"Female",NA,33,33
"250",70664,"Danish","WS",24,"Female","Some College",212,212
"251",70665,"Danish","WS",24,"Female",NA,399,399
"252",70666,"Danish","WS",24,"Female","Primary",649,649
"253",70667,"Danish","WS",24,"Female","Some College",424,424
"254",70668,"Danish","WS",24,"Male","Some College",378,378
"255",70669,"Danish","WS",24,"Male","Some College",521,521
"256",70670,"Danish","WS",24,"Male",NA,297,297
"257",70671,"Danish","WS",24,"Female",NA,238,238
"258",70672,"Danish","WS",17,"Female","Secondary",20,20
"259",70673,"Danish","WS",17,"Female","Some College",19,19
"260",70674,"Danish","WS",29,"Female","Some College",371,371
"261",70675,"Danish","WS",17,"Male",NA,3,3
"262",70676,"Danish","WS",17,"Female","Secondary",17,17
"263",70677,"Danish","WS",17,"Male","Some College",10,10
"264",70678,"Danish","WS",17,"Female",NA,17,17
"265",70679,"Danish","WS",17,"Female","Some College",5,5
"266",70680,"Danish","WS",17,"Female","Graduate",28,28
"267",70681,"Danish","WS",17,"Female","Graduate",41,41
"268",70682,"Danish","WS",18,"Female","Primary",43,43
"269",70683,"Danish","WS",17,"Female","Graduate",79,79
"270",70684,"Danish","WS",17,"Female","Graduate",29,29
"271",70685,"Danish","WS",16,"Female",NA,31,31
"272",70686,"Danish","WS",16,"Male",NA,29,29
"273",70687,"Danish","WS",16,"Male","Some College",33,33
"274",70688,"Danish","WS",16,"Male","Graduate",21,21
"275",70689,"Danish","WS",16,"Male","Some College",32,32
"276",70690,"Danish","WS",16,"Male","Graduate",142,142
"277",70691,"Danish","WS",16,"Female",NA,7,7
"278",70692,"Danish","WS",16,"Female",NA,22,22
"279",70693,"Danish","WS",16,"Female","Some College",11,11
"280",70694,"Danish","WS",16,"Female","Some College",88,88
"281",70695,"Danish","WS",16,"Male","Graduate",12,12
"282",70696,"Danish","WS",16,"Female","Some College",18,18
"283",70697,"Danish","WS",16,"Female","Some College",41,41
"284",70698,"Danish","WS",16,"Female","Secondary",84,84
"285",70699,"Danish","WS",17,"Male","Graduate",27,27
"286",70700,"Danish","WS",16,"Male","Some College",15,15
"287",70701,"Danish","WS",29,"Male",NA,21,21
"288",70702,"Danish","WS",17,"Male",NA,8,8
"289",70703,"Danish","WS",16,"Female","Some College",13,13
"290",70704,"Danish","WS",16,"Female","Primary",21,21
"291",70705,"Danish","WS",29,"Male","Graduate",385,385
"292",70706,"Danish","WS",27,"Male","Some College",282,282
"293",70707,"Danish","WS",26,"Male",NA,253,253
"294",70708,"Danish","WS",27,"Male","Secondary",269,269
"295",70709,"Danish","WS",26,"Male","Some College",475,475
"296",70710,"Danish","WS",26,"Female","Secondary",683,683
"297",70711,"Danish","WS",25,"Male",NA,221,221
"298",70712,"Danish","WS",25,"Male","Some College",489,489
"299",70713,"Danish","WS",25,"Female","Graduate",384,384
"300",70714,"Danish","WS",24,"Male","Some College",102,102
"301",70715,"Danish","WS",24,"Male",NA,245,245
"302",70716,"Danish","WS",23,"Female","Some College",206,206
"303",70717,"Danish","WS",29,"Female","Graduate",426,426
"304",70718,"Danish","WS",25,"Male","Some College",22,22
"305",70719,"Danish","WS",23,"Male",NA,41,41
"306",70720,"Danish","WS",23,"Female",NA,5,5
"307",70721,"Danish","WS",22,"Male","Some College",432,432
"308",70722,"Danish","WS",22,"Male","Secondary",138,138
"309",70723,"Danish","WS",22,"Female","Some College",115,115
"310",70724,"Danish","WS",22,"Female","Graduate",324,324
"311",70725,"Danish","WS",22,"Female",NA,92,92
"312",70726,"Danish","WS",21,"Male","Some College",201,201
"313",70727,"Danish","WS",21,"Male","Primary",9,9
"314",70728,"Danish","WS",21,"Male","Some College",21,21
"315",70729,"Danish","WS",20,"Male","Some College",64,64
"316",70730,"Danish","WS",19,"Male","Primary",70,70
"317",70731,"Danish","WS",19,"Female","Some College",66,66
"318",70732,"Danish","WS",18,"Female","Some College",10,10
"319",70733,"Danish","WS",30,"Male","Primary",394,394
"320",70734,"Danish","WS",18,"Female","Graduate",59,59
"321",70735,"Danish","WS",18,"Male","Some College",158,158
"322",70736,"Danish","WS",30,"Female","Graduate",457,457
"323",70737,"Danish","WS",30,"Female","Some College",604,604
"324",70738,"Danish","WS",30,"Male","Some College",320,320
"325",70739,"Danish","WS",30,"Female","Some College",655,655
"326",70740,"Danish","WS",30,"Female",NA,534,534
"327",70741,"Danish","WS",30,"Female","Some College",524,524
"328",70742,"Danish","WS",30,"Female","Some College",250,250
"329",70743,"Danish","WS",30,"Female",NA,570,570
"330",70744,"Danish","WS",30,"Female","Graduate",469,469
"331",70745,"Danish","WS",29,"Female","Some College",451,451
"332",70746,"Danish","WS",29,"Female",NA,605,605
"333",70747,"Danish","WS",29,"Female","Some College",432,432
"334",70748,"Danish","WS",29,"Male","Some College",467,467
"335",70749,"Danish","WS",29,"Female","Some College",540,540
"336",70750,"Danish","WS",29,"Female","Some College",484,484
"337",70751,"Danish","WS",29,"Female","Some College",488,488
"338",70752,"Danish","WS",29,"Female","Secondary",255,255
"339",70753,"Danish","WS",30,"Female","Some College",404,404
"340",70754,"Danish","WS",29,"Female","Some College",517,517
"341",70755,"Danish","WS",29,"Male","Some College",12,12
"342",70756,"Danish","WS",29,"Female",NA,344,344
"343",70757,"Danish","WS",29,"Female","Primary",609,609
"344",70758,"Danish","WS",29,"Female",NA,420,420
"345",70759,"Danish","WS",29,"Male","Some College",440,440
"346",70760,"Danish","WS",29,"Female","Some College",62,62
"347",70761,"Danish","WS",29,"Male","Some College",321,321
"348",70762,"Danish","WS",29,"Female",NA,372,372
"349",70763,"Danish","WS",28,"Female",NA,558,558
"350",70764,"Danish","WS",28,"Male",NA,141,141
"351",70765,"Danish","WS",28,"Female",NA,351,351
"352",70766,"Danish","WS",28,"Female","Primary",466,466
"353",70767,"Danish","WS",28,"Female","Graduate",536,536
"354",70768,"Danish","WS",28,"Male","Some College",365,365
"355",70769,"Danish","WS",28,"Female",NA,352,352
"356",70770,"Danish","WS",28,"Female","Some College",480,480
"357",70771,"Danish","WS",28,"Female","Graduate",589,589
"358",70772,"Danish","WS",28,"Female","Some College",126,126
"359",70773,"Danish","WS",28,"Female","Some College",471,471
"360",70774,"Danish","WS",28,"Female",NA,165,165
"361",70775,"Danish","WS",28,"Female",NA,403,403
"362",70776,"Danish","WS",28,"Male","Some College",350,350
"363",70777,"Danish","WS",28,"Male","Graduate",552,552
"364",70778,"Danish","WS",28,"Female","Graduate",292,292
"365",70779,"Danish","WS",27,"Female","Some College",326,326
"366",70780,"Danish","WS",27,"Female","Some College",465,465
"367",70781,"Danish","WS",27,"Female","Some College",419,419
"368",70782,"Danish","WS",27,"Male","Some College",667,667
"369",70783,"Danish","WS",27,"Female","Some College",35,35
"370",70784,"Danish","WS",27,"Female","Some College",250,250
"371",70785,"Danish","WS",27,"Female","Primary",256,256
"372",70786,"Danish","WS",26,"Female",NA,304,304
"373",70787,"Danish","WS",26,"Female","Some College",75,75
"374",70788,"Danish","WS",27,"Male","Some College",297,297
"375",70789,"Danish","WS",26,"Male",NA,140,140
"376",70790,"Danish","WS",26,"Female","Some College",579,579
"377",70791,"Danish","WS",26,"Male",NA,217,217
"378",70792,"Danish","WS",26,"Male",NA,57,57
"379",70793,"Danish","WS",26,"Female","Primary",378,378
"380",70794,"Danish","WS",26,"Male",NA,95,95
"381",70795,"Danish","WS",26,"Male","Some College",397,397
"382",70796,"Danish","WS",26,"Female","Some College",572,572
"383",70797,"Danish","WS",26,"Female","Some College",446,446
"384",70798,"Danish","WS",26,"Female","Graduate",535,535
"385",70799,"Danish","WS",26,"Male","Graduate",631,631
"386",70800,"Danish","WS",26,"Female","Some College",286,286
"387",70801,"Danish","WS",25,"Female","Some College",432,432
"388",70802,"Danish","WS",25,"Male",NA,38,38
"389",70803,"Danish","WS",25,"Female","Some College",589,589
"390",70804,"Danish","WS",25,"Female","Some College",125,125
"391",70805,"Danish","WS",25,"Female","Some College",204,204
"392",70806,"Danish","WS",25,"Female","Some College",152,152
"393",70807,"Danish","WS",25,"Female",NA,383,383
"394",70808,"Danish","WS",25,"Female",NA,295,295
"395",70809,"Danish","WS",24,"Female",NA,396,396
"396",70810,"Danish","WS",24,"Male","Some College",460,460
"397",70811,"Danish","WS",24,"Female","Secondary",348,348
"398",70812,"Danish","WS",25,"Female","Some College",529,529
"399",70813,"Danish","WS",24,"Female","Some College",27,27
"400",70814,"Danish","WS",24,"Female","Secondary",182,182
"401",70815,"Danish","WS",24,"Female","Some College",234,234
"402",70816,"Danish","WS",24,"Male","Some College",217,217
"403",70817,"Danish","WS",24,"Female",NA,58,58
"404",70818,"Danish","WS",24,"Male",NA,27,27
"405",70819,"Danish","WS",25,"Male","Some College",82,82
"406",70820,"Danish","WS",24,"Male","Secondary",405,405
"407",70821,"Danish","WS",24,"Female","Primary",169,169
"408",70822,"Danish","WS",23,"Female","Some College",51,51
"409",70823,"Danish","WS",23,"Male",NA,334,334
"410",70824,"Danish","WS",23,"Female",NA,77,77
"411",70825,"Danish","WS",23,"Female","Primary",75,75
"412",70826,"Danish","WS",23,"Male","Some College",37,37
"413",70827,"Danish","WS",23,"Female","Some College",400,400
"414",70828,"Danish","WS",23,"Female","Graduate",530,530
"415",70829,"Danish","WS",23,"Female","Some College",132,132
"416",70830,"Danish","WS",23,"Female","Some College",220,220
"417",70831,"Danish","WS",23,"Male","Graduate",256,256
"418",70832,"Danish","WS",24,"Male",NA,10,10
"419",70833,"Danish","WS",24,"Male","Some College",110,110
"420",70834,"Danish","WS",23,"Male","Graduate",273,273
"421",70835,"Danish","WS",23,"Female","Some College",252,252
"422",70836,"Danish","WS",24,"Female","Some College",130,130
"423",70837,"Danish","WS",22,"Female","Some College",160,160
"424",70838,"Danish","WS",22,"Female","Graduate",59,59
"425",70839,"Danish","WS",22,"Female","Some College",45,45
"426",70840,"Danish","WS",22,"Female","Some College",44,44
"427",70841,"Danish","WS",22,"Male","Some College",155,155
"428",70842,"Danish","WS",22,"Male","Some College",113,113
"429",70843,"Danish","WS",22,"Female","Some College",330,330
"430",70844,"Danish","WS",22,"Female","Some College",251,251
"431",70845,"Danish","WS",22,"Female","Graduate",310,310
"432",70846,"Danish","WS",22,"Female","Some College",224,224
"433",70847,"Danish","WS",22,"Female","Graduate",88,88
"434",70848,"Danish","WS",22,"Female","Some College",197,197
"435",70849,"Danish","WS",22,"Male","Graduate",196,196
"436",70850,"Danish","WS",23,"Male","Some College",36,36
"437",70851,"Danish","WS",22,"Male","Graduate",336,336
"438",70852,"Danish","WS",22,"Male","Some College",46,46
"439",70853,"Danish","WS",22,"Female","Some College",187,187
"440",70854,"Danish","WS",22,"Female","Some College",335,335
"441",70855,"Danish","WS",21,"Male","Some College",55,55
"442",70856,"Danish","WS",21,"Female","Primary",91,91
"443",70857,"Danish","WS",21,"Female","Some College",17,17
"444",70858,"Danish","WS",21,"Female","Graduate",180,180
"445",70859,"Danish","WS",21,"Female","Some College",109,109
"446",70860,"Danish","WS",21,"Male",NA,40,40
"447",70861,"Danish","WS",21,"Male","Some College",67,67
"448",70862,"Danish","WS",21,"Male","Graduate",70,70
"449",70863,"Danish","WS",21,"Male",NA,409,409
"450",70864,"Danish","WS",21,"Female","Some College",258,258
"451",70865,"Danish","WS",21,"Female",NA,48,48
"452",70866,"Danish","WS",21,"Female","Graduate",144,144
"453",70867,"Danish","WS",21,"Female","Some College",82,82
"454",70868,"Danish","WS",21,"Female","Some College",63,63
"455",70869,"Danish","WS",21,"Female","Some College",199,199
"456",70870,"Danish","WS",21,"Female","Some College",130,130
"457",70871,"Danish","WS",20,"Female","Secondary",46,46
"458",70872,"Danish","WS",21,"Male",NA,21,21
"459",70873,"Danish","WS",20,"Female","Some College",346,346
"460",70874,"Danish","WS",20,"Female","Some College",80,80
"461",70875,"Danish","WS",20,"Female",NA,57,57
"462",70876,"Danish","WS",20,"Male","Graduate",179,179
"463",70877,"Danish","WS",20,"Male","Some College",93,93
"464",70878,"Danish","WS",20,"Female","Some College",94,94
"465",70879,"Danish","WS",20,"Female","Primary",38,38
"466",70880,"Danish","WS",20,"Female","Secondary",16,16
"467",70881,"Danish","WS",20,"Female","Primary",11,11
"468",70882,"Danish","WS",20,"Male","Some College",308,308
"469",70883,"Danish","WS",20,"Female","Some College",133,133
"470",70884,"Danish","WS",20,"Female","Some College",280,280
"471",70885,"Danish","WS",20,"Female","Some College",205,205
"472",70886,"Danish","WS",20,"Female","Some College",71,71
"473",70887,"Danish","WS",20,"Female","Some College",17,17
"474",70888,"Danish","WS",20,"Female","Some College",232,232
"475",70889,"Danish","WS",20,"Female",NA,146,146
"476",70890,"Danish","WS",20,"Female","Some College",61,61
"477",70891,"Danish","WS",20,"Female","Some College",140,140
"478",70892,"Danish","WS",20,"Female","Some College",166,166
"479",70893,"Danish","WS",19,"Female","Graduate",29,29
"480",70894,"Danish","WS",19,"Female",NA,61,61
"481",70895,"Danish","WS",19,"Female",NA,22,22
"482",70896,"Danish","WS",19,"Male","Some College",77,77
"483",70897,"Danish","WS",19,"Male","Some College",30,30
"484",70898,"Danish","WS",19,"Male","Graduate",20,20
"485",70899,"Danish","WS",19,"Male",NA,32,32
"486",70900,"Danish","WS",19,"Male","Some College",26,26
"487",70901,"Danish","WS",19,"Female","Some College",65,65
"488",70902,"Danish","WS",19,"Female","Primary",67,67
"489",70903,"Danish","WS",19,"Female","Some College",43,43
"490",70904,"Danish","WS",19,"Female","Some College",37,37
"491",70905,"Danish","WS",19,"Female","Some College",104,104
"492",70906,"Danish","WS",19,"Female",NA,86,86
"493",70907,"Danish","WS",19,"Female",NA,187,187
"494",70908,"Danish","WS",18,"Female","Some College",68,68
"495",70909,"Danish","WS",18,"Female","Some College",66,66
"496",70910,"Danish","WS",18,"Female","Some College",111,111
"497",70911,"Danish","WS",18,"Female","Some College",16,16
"498",70912,"Danish","WS",18,"Female",NA,52,52
"499",70913,"Danish","WS",18,"Female","Some College",41,41
"500",70914,"Danish","WS",18,"Male","Some College",16,16
"10001",66687,"Norwegian","WS",27,"Male",NA,83,83
"10002",66688,"Norwegian","WS",31,"Male",NA,360,360
"10003",66689,"Norwegian","WS",25,"Male",NA,284,284
"10004",66690,"Norwegian","WS",29,"Male",NA,402,402
"10005",66691,"Norwegian","WS",34,"Male",NA,630,630
"10006",66692,"Norwegian","WS",25,"Female","Secondary",449,449
"10007",66693,"Norwegian","WS",30,"Female","Secondary",630,630
"10008",66694,"Norwegian","WS",27,"Male","Graduate",437,437
"10009",66695,"Norwegian","WS",25,"Female",NA,467,467
"10010",66696,"Norwegian","WS",25,"Female","Secondary",638,638
"10011",66697,"Norwegian","WS",25,"Female",NA,484,484
"10012",66698,"Norwegian","WS",30,"Female",NA,562,562
"10013",66699,"Norwegian","WS",25,"Female",NA,460,460
"10014",66700,"Norwegian","WS",30,"Female",NA,601,601
"10015",66701,"Norwegian","WS",25,"Male",NA,192,192
"10016",66702,"Norwegian","WS",25,"Female",NA,456,456
"10017",66703,"Norwegian","WS",25,"Male",NA,277,277
"10018",66704,"Norwegian","WS",27,"Female",NA,536,536
"10019",66705,"Norwegian","WS",31,"Female",NA,709,709
"10020",66706,"Norwegian","WS",27,"Male",NA,549,549
"10021",66707,"Norwegian","WS",29,"Male",NA,632,632
"10022",66708,"Norwegian","WS",30,"Male",NA,580,580
"10023",66709,"Norwegian","WS",34,"Male",NA,713,713
"10024",66710,"Norwegian","WS",25,"Female",NA,641,641
"10025",66711,"Norwegian","WS",27,"Male",NA,592,592
"10026",66712,"Norwegian","WS",27,"Male",NA,500,500
"10027",66713,"Norwegian","WS",25,"Male","Secondary",94,94
"10028",66714,"Norwegian","WS",28,"Male","Secondary",120,120
"10029",66715,"Norwegian","WS",31,"Male","Secondary",241,241
"10030",66716,"Norwegian","WS",25,"Female",NA,187,187
"10031",66717,"Norwegian","WS",25,"Female",NA,566,566
"10032",66718,"Norwegian","WS",27,"Female",NA,617,617
"10033",66719,"Norwegian","WS",25,"Female",NA,307,307
"10034",66720,"Norwegian","WS",27,"Male","Secondary",261,261
"10035",66721,"Norwegian","WS",25,"Female","Secondary",669,669
"10036",66722,"Norwegian","WS",27,"Female","Secondary",671,671
"10037",66723,"Norwegian","WS",32,"Female","Secondary",724,724
"10038",66724,"Norwegian","WS",25,"Male",NA,61,61
"10039",66725,"Norwegian","WS",25,"Female","Graduate",263,263
"10040",66726,"Norwegian","WS",27,"Female","Graduate",397,397
"10041",66727,"Norwegian","WS",27,"Male",NA,304,304
"10042",66728,"Norwegian","WS",27,"Female",NA,564,564
"10043",66729,"Norwegian","WS",25,"Male",NA,632,632
"10044",66730,"Norwegian","WS",27,"Male","Secondary",426,426
"10045",66731,"Norwegian","WS",25,"Female",NA,623,623
"10046",66732,"Norwegian","WS",31,"Female",NA,708,708
"10047",66733,"Norwegian","WS",25,"Male",NA,232,232
"10048",66734,"Norwegian","WS",27,"Female",NA,408,408
"10049",66735,"Norwegian","WS",31,"Female",NA,522,522
"10050",66736,"Norwegian","WS",34,"Female",NA,647,647
"10051",66737,"Norwegian","WS",25,"Male","Secondary",393,393
"10052",66738,"Norwegian","WS",25,"Male",NA,618,618
"10053",66739,"Norwegian","WS",26,"Female",NA,608,608
"10054",66740,"Norwegian","WS",27,"Male",NA,318,318
"10055",66741,"Norwegian","WS",25,"Male","Graduate",302,302
"10056",66742,"Norwegian","WS",26,"Female","Graduate",409,409
"10057",66743,"Norwegian","WS",25,"Female",NA,685,685
"10058",66744,"Norwegian","WS",25,"Male",NA,165,165
"10059",66745,"Norwegian","WS",25,"Female","Graduate",333,333
"10060",66746,"Norwegian","WS",27,"Female","Graduate",414,414
"10061",66747,"Norwegian","WS",25,"Male",NA,50,50
"10062",66748,"Norwegian","WS",31,"Male",NA,133,133
"10063",66749,"Norwegian","WS",25,"Male","Primary",187,187
"10064",66750,"Norwegian","WS",25,"Female",NA,638,638
"10065",66751,"Norwegian","WS",25,"Male",NA,286,286
"10066",66752,"Norwegian","WS",28,"Male",NA,359,359
"10067",66753,"Norwegian","WS",26,"Female","Graduate",266,266
"10068",66754,"Norwegian","WS",25,"Male","Graduate",304,304
"10069",66755,"Norwegian","WS",31,"Male","Graduate",540,540
"10070",66756,"Norwegian","WS",28,"Male",NA,466,466
"10071",66757,"Norwegian","WS",31,"Male",NA,648,648
"10072",66758,"Norwegian","WS",26,"Female",NA,598,598
"10073",66759,"Norwegian","WS",28,"Female",NA,638,638
"10074",66760,"Norwegian","WS",25,"Female",NA,428,428
"10075",66761,"Norwegian","WS",26,"Female","Graduate",294,294
"10076",66762,"Norwegian","WS",27,"Male","Graduate",578,578
"10077",66763,"Norwegian","WS",25,"Male","Graduate",247,247
"10078",66764,"Norwegian","WS",32,"Male","Graduate",530,530
"10079",66765,"Norwegian","WS",25,"Male","Graduate",516,516
"10080",66766,"Norwegian","WS",27,"Female","Secondary",356,356
"10081",66767,"Norwegian","WS",27,"Female",NA,405,405
"10082",66768,"Norwegian","WS",29,"Female",NA,463,463
"10083",66769,"Norwegian","WS",32,"Female",NA,597,597
"10084",66770,"Norwegian","WS",35,"Female",NA,639,639
"10085",66771,"Norwegian","WS",25,"Male",NA,55,55
"10086",66772,"Norwegian","WS",25,"Female","Graduate",374,374
"10087",66773,"Norwegian","WS",25,"Male",NA,428,428
"10088",66774,"Norwegian","WS",31,"Male",NA,675,675
"10089",66775,"Norwegian","WS",27,"Female","Graduate",555,555
"10090",66776,"Norwegian","WS",29,"Female","Graduate",643,643
"10091",66777,"Norwegian","WS",31,"Female","Graduate",649,649
"10092",66778,"Norwegian","WS",25,"Male","Graduate",432,432
"10093",66779,"Norwegian","WS",28,"Female",NA,406,406
"10094",66780,"Norwegian","WS",31,"Female",NA,610,610
"10095",66781,"Norwegian","WS",27,"Female","Secondary",495,495
"10096",66782,"Norwegian","WS",26,"Male",NA,559,559
"10097",66783,"Norwegian","WS",25,"Male","Secondary",277,277
"10098",66784,"Norwegian","WS",27,"Female",NA,408,408
"10099",66785,"Norwegian","WS",25,"Male",NA,116,116
"10100",66786,"Norwegian","WS",25,"Female",NA,316,316
"10101",66787,"Norwegian","WS",27,"Male",NA,195,195
"10102",66788,"Norwegian","WS",25,"Female",NA,637,637
"10103",66789,"Norwegian","WS",25,"Male","Graduate",406,406
"10104",66790,"Norwegian","WS",27,"Male","Graduate",456,456
"10105",66791,"Norwegian","WS",29,"Male","Graduate",487,487
"10106",66792,"Norwegian","WS",27,"Male",NA,453,453
"10107",66793,"Norwegian","WS",28,"Male",NA,497,497
"10108",66794,"Norwegian","WS",26,"Female",NA,715,715
"10109",66795,"Norwegian","WS",25,"Female","Graduate",311,311
"10110",66796,"Norwegian","WS",28,"Male",NA,133,133
"10111",66797,"Norwegian","WS",31,"Male",NA,296,296
"10112",66798,"Norwegian","WS",28,"Female",NA,508,508
"10113",66799,"Norwegian","WS",26,"Female",NA,425,425
"10114",66800,"Norwegian","WS",31,"Female",NA,529,529
"10115",66801,"Norwegian","WS",27,"Female",NA,551,551
"10116",66802,"Norwegian","WS",25,"Female",NA,584,584
"10117",66803,"Norwegian","WS",31,"Female",NA,701,701
"10118",66804,"Norwegian","WS",26,"Female","Graduate",441,441
"10119",66805,"Norwegian","WS",28,"Female","Graduate",451,451
"10120",66806,"Norwegian","WS",28,"Male",NA,252,252
"10121",66807,"Norwegian","WS",25,"Female",NA,224,224
"10122",66808,"Norwegian","WS",28,"Female",NA,307,307
"10123",66809,"Norwegian","WS",32,"Female",NA,369,369
"10124",66810,"Norwegian","WS",25,"Female","Graduate",459,459
"10125",66811,"Norwegian","WS",28,"Female","Graduate",557,557
"10126",66812,"Norwegian","WS",34,"Female","Graduate",661,661
"10127",66813,"Norwegian","WS",28,"Male","Graduate",478,478
"10128",66814,"Norwegian","WS",29,"Male","Graduate",580,580
"10129",66815,"Norwegian","WS",31,"Male","Graduate",637,637
"10130",66816,"Norwegian","WS",33,"Male","Graduate",678,678
"10131",66817,"Norwegian","WS",34,"Male","Graduate",699,699
"10132",66818,"Norwegian","WS",36,"Male","Graduate",715,715
"10133",66819,"Norwegian","WS",25,"Male",NA,458,458
"10134",66820,"Norwegian","WS",25,"Female","Graduate",653,653
"10135",66821,"Norwegian","WS",31,"Female","Graduate",689,689
"10136",66822,"Norwegian","WS",25,"Male","Graduate",425,425
"10137",66823,"Norwegian","WS",25,"Female",NA,207,207
"10138",66824,"Norwegian","WS",25,"Male","Secondary",432,432
"10139",66825,"Norwegian","WS",26,"Female","Graduate",595,595
"10140",66826,"Norwegian","WS",26,"Male",NA,156,156
"10141",66827,"Norwegian","WS",28,"Male",NA,240,240
"10142",66828,"Norwegian","WS",32,"Male",NA,496,496
"10143",66829,"Norwegian","WS",26,"Female","Graduate",583,583
"10144",66830,"Norwegian","WS",28,"Female","Graduate",665,665
"10145",66831,"Norwegian","WS",25,"Male",NA,348,348
"10146",66832,"Norwegian","WS",27,"Male","Secondary",631,631
"10147",66833,"Norwegian","WS",25,"Male","Secondary",137,137
"10148",66834,"Norwegian","WS",26,"Female",NA,573,573
"10149",66835,"Norwegian","WS",31,"Female",NA,637,637
"10150",66836,"Norwegian","WS",26,"Male",NA,319,319
"10151",66837,"Norwegian","WS",26,"Female","Secondary",458,458
"10152",66838,"Norwegian","WS",25,"Male","Graduate",375,375
"10153",66839,"Norwegian","WS",27,"Male","Graduate",488,488
"10154",66840,"Norwegian","WS",28,"Male","Graduate",528,528
"10155",66841,"Norwegian","WS",31,"Male","Graduate",605,605
"10156",66842,"Norwegian","WS",33,"Male","Graduate",666,666
"10157",66843,"Norwegian","WS",35,"Male","Graduate",709,709
"10158",66844,"Norwegian","WS",25,"Female","Secondary",682,682
"10159",66845,"Norwegian","WS",27,"Female","Secondary",668,668
"10160",66846,"Norwegian","WS",25,"Male",NA,523,523
"10161",66847,"Norwegian","WS",31,"Male",NA,564,564
"10162",66848,"Norwegian","WS",26,"Female","Graduate",631,631
"10163",66849,"Norwegian","WS",25,"Female",NA,644,644
"10164",66850,"Norwegian","WS",27,"Male","Secondary",242,242
"10165",66851,"Norwegian","WS",25,"Female","Graduate",266,266
"10166",66852,"Norwegian","WS",27,"Female","Graduate",383,383
"10167",66853,"Norwegian","WS",28,"Female","Graduate",372,372
"10168",66854,"Norwegian","WS",33,"Female","Graduate",583,583
"10169",66855,"Norwegian","WS",35,"Female","Graduate",596,596
"10170",66856,"Norwegian","WS",26,"Male",NA,254,254
"10171",66857,"Norwegian","WS",27,"Male","Secondary",250,250
"10172",66858,"Norwegian","WS",26,"Male","Secondary",151,151
"10173",66859,"Norwegian","WS",25,"Female",NA,524,524
"10174",66860,"Norwegian","WS",26,"Female",NA,345,345
"10175",66861,"Norwegian","WS",25,"Male",NA,467,467
"10176",66862,"Norwegian","WS",25,"Female","Graduate",538,538
"10177",66863,"Norwegian","WS",31,"Female","Graduate",667,667
"10178",66864,"Norwegian","WS",25,"Male",NA,369,369
"10179",66865,"Norwegian","WS",25,"Female","Graduate",591,591
"10180",66866,"Norwegian","WS",25,"Male",NA,546,546
"10181",66867,"Norwegian","WS",32,"Male",NA,603,603
"10182",66868,"Norwegian","WS",26,"Female","Graduate",671,671
"10183",66869,"Norwegian","WS",25,"Male",NA,289,289
"10184",66870,"Norwegian","WS",26,"Male",NA,206,206
"10185",66871,"Norwegian","WS",31,"Male",NA,478,478
"10186",66872,"Norwegian","WS",28,"Male","Secondary",144,144
"10187",66873,"Norwegian","WS",26,"Female","Graduate",515,515
"10188",66874,"Norwegian","WS",26,"Female","Secondary",175,175
"10189",66875,"Norwegian","WS",28,"Male","Graduate",655,655
"10190",66876,"Norwegian","WS",26,"Female","Graduate",272,272
"10191",66877,"Norwegian","WS",31,"Female","Graduate",530,530
"10192",66878,"Norwegian","WS",25,"Male","Secondary",465,465
"10193",66879,"Norwegian","WS",27,"Female",NA,496,496
"10194",66880,"Norwegian","WS",31,"Female",NA,679,679
"10195",66881,"Norwegian","WS",26,"Female","Graduate",596,596
"10196",66882,"Norwegian","WS",31,"Female","Graduate",680,680
"10197",66883,"Norwegian","WS",28,"Female",NA,589,589
"10198",66884,"Norwegian","WS",26,"Female","Graduate",641,641
"10199",66885,"Norwegian","WS",31,"Female","Graduate",709,709
"10200",66886,"Norwegian","WS",28,"Male",NA,509,509
"10201",66887,"Norwegian","WS",29,"Male",NA,623,623
"10202",66888,"Norwegian","WS",26,"Female",NA,371,371
"10203",66889,"Norwegian","WS",26,"Female",NA,67,67
"10204",66890,"Norwegian","WS",26,"Female","Graduate",336,336
"10205",66891,"Norwegian","WS",28,"Female",NA,533,533
"10206",66892,"Norwegian","WS",26,"Male","Graduate",691,691
"10207",66893,"Norwegian","WS",29,"Male",NA,301,301
"10208",66894,"Norwegian","WS",26,"Male","Graduate",328,328
"10209",66895,"Norwegian","WS",26,"Female","Graduate",465,465
"10210",66896,"Norwegian","WS",27,"Female","Graduate",482,482
"10211",66897,"Norwegian","WS",26,"Male",NA,606,606
"10212",66898,"Norwegian","WS",26,"Female","Secondary",5,5
"10213",66899,"Norwegian","WS",31,"Female","Secondary",0,0
"10214",66900,"Norwegian","WS",26,"Female","Graduate",529,529
"10215",66901,"Norwegian","WS",31,"Female","Graduate",694,694
"10216",66902,"Norwegian","WS",26,"Female",NA,286,286
"10217",66903,"Norwegian","WS",27,"Female",NA,358,358
"10218",66904,"Norwegian","WS",30,"Female",NA,500,500
"10219",66905,"Norwegian","WS",28,"Male",NA,661,661
"10220",66906,"Norwegian","WS",31,"Male",NA,683,683
"10221",66907,"Norwegian","WS",26,"Female",NA,176,176
"10222",66908,"Norwegian","WS",28,"Female",NA,185,185
"10223",66909,"Norwegian","WS",31,"Female",NA,335,335
"10224",66910,"Norwegian","WS",28,"Female","Secondary",54,54
"10225",66911,"Norwegian","WS",31,"Female","Secondary",159,159
"10226",66912,"Norwegian","WS",28,"Female",NA,673,673
"10227",66913,"Norwegian","WS",28,"Male",NA,403,403
"10228",66914,"Norwegian","WS",26,"Female","Graduate",340,340
"10229",66915,"Norwegian","WS",27,"Female","Graduate",425,425
"10230",66916,"Norwegian","WS",28,"Female",NA,706,706
"10231",66917,"Norwegian","WS",26,"Male","Secondary",409,409
"10232",66918,"Norwegian","WS",26,"Male","Graduate",462,462
"10233",66919,"Norwegian","WS",27,"Male","Graduate",602,602
"10234",66920,"Norwegian","WS",30,"Male","Graduate",679,679
"10235",66921,"Norwegian","WS",26,"Female",NA,667,667
"10236",66922,"Norwegian","WS",26,"Female","Graduate",543,543
"10237",66923,"Norwegian","WS",28,"Female","Graduate",589,589
"10238",66924,"Norwegian","WS",28,"Male",NA,492,492
"10239",66925,"Norwegian","WS",26,"Male","Graduate",555,555
"10240",66926,"Norwegian","WS",31,"Male","Graduate",670,670
"10241",66927,"Norwegian","WS",26,"Male","Secondary",109,109
"10242",66928,"Norwegian","WS",32,"Male","Secondary",165,165
"10243",66929,"Norwegian","WS",26,"Female",NA,623,623
"10244",66930,"Norwegian","WS",28,"Male",NA,371,371
"10245",66931,"Norwegian","WS",32,"Male",NA,679,679
"10246",66932,"Norwegian","WS",26,"Female","Secondary",609,609
"10247",66933,"Norwegian","WS",28,"Male",NA,342,342
"10248",66934,"Norwegian","WS",26,"Female","Graduate",304,304
"10249",66935,"Norwegian","WS",26,"Female",NA,595,595
"10250",66936,"Norwegian","WS",33,"Female",NA,719,719
"10251",66937,"Norwegian","WS",26,"Female","Secondary",480,480
"10252",66938,"Norwegian","WS",28,"Female",NA,652,652
"10253",66939,"Norwegian","WS",28,"Male","Secondary",186,186
"10254",66940,"Norwegian","WS",30,"Male","Secondary",541,541
"10255",66941,"Norwegian","WS",32,"Male","Secondary",529,529
"10256",66942,"Norwegian","WS",34,"Male","Secondary",701,701
"10257",66943,"Norwegian","WS",28,"Female",NA,157,157
"10258",66944,"Norwegian","WS",31,"Female",NA,138,138
"10259",66945,"Norwegian","WS",26,"Female","Graduate",605,605
"10260",66946,"Norwegian","WS",28,"Male",NA,618,618
"10261",66947,"Norwegian","WS",31,"Male",NA,706,706
"10262",66948,"Norwegian","WS",28,"Female","Secondary",326,326
"10263",66949,"Norwegian","WS",26,"Male",NA,99,99
"10264",66950,"Norwegian","WS",26,"Female",NA,722,722
"10265",66951,"Norwegian","WS",26,"Male","Secondary",382,382
"10266",66952,"Norwegian","WS",26,"Female","Graduate",550,550
"10267",66953,"Norwegian","WS",27,"Female","Graduate",561,561
"10268",66954,"Norwegian","WS",28,"Female","Graduate",558,558
"10269",66955,"Norwegian","WS",30,"Female","Graduate",653,653
"10270",66956,"Norwegian","WS",31,"Female","Graduate",650,650
"10271",66957,"Norwegian","WS",32,"Female","Graduate",678,678
"10272",66958,"Norwegian","WS",34,"Female","Graduate",704,704
"10273",66959,"Norwegian","WS",35,"Female","Graduate",686,686
"10274",66960,"Norwegian","WS",26,"Female","Secondary",342,342
"10275",66961,"Norwegian","WS",31,"Female","Secondary",551,551
"10276",66962,"Norwegian","WS",26,"Male",NA,655,655
"10277",66963,"Norwegian","WS",26,"Female","Graduate",419,419
"10278",66964,"Norwegian","WS",27,"Female","Graduate",569,569
"10279",66965,"Norwegian","WS",28,"Female","Graduate",628,628
"10280",66966,"Norwegian","WS",31,"Female","Graduate",665,665
"10281",66967,"Norwegian","WS",27,"Male","Graduate",382,382
"10282",66968,"Norwegian","WS",26,"Female",NA,513,513
"10283",66969,"Norwegian","WS",28,"Female","Graduate",381,381
"10284",66970,"Norwegian","WS",28,"Male","Secondary",232,232
"10285",66971,"Norwegian","WS",30,"Male","Secondary",262,262
"10286",66972,"Norwegian","WS",26,"Male",NA,601,601
"10287",66973,"Norwegian","WS",31,"Male",NA,634,634
"10288",66974,"Norwegian","WS",28,"Female",NA,385,385
"10289",66975,"Norwegian","WS",28,"Male","Graduate",274,274
"10290",66976,"Norwegian","WS",28,"Female","Primary",574,574
"10291",66977,"Norwegian","WS",31,"Female","Primary",688,688
"10292",66978,"Norwegian","WS",26,"Female",NA,317,317
"10293",66979,"Norwegian","WS",28,"Male","Secondary",521,521
"10294",66980,"Norwegian","WS",28,"Male","Graduate",619,619
"10295",66981,"Norwegian","WS",26,"Male","Secondary",292,292
"10296",66982,"Norwegian","WS",26,"Female","Secondary",674,674
"10297",66983,"Norwegian","WS",26,"Male","Secondary",134,134
"10298",66984,"Norwegian","WS",26,"Female","Graduate",435,435
"10299",66985,"Norwegian","WS",31,"Female","Graduate",664,664
"10300",66986,"Norwegian","WS",28,"Male",NA,323,323
"10301",66987,"Norwegian","WS",28,"Male",NA,683,683
"10302",66988,"Norwegian","WS",26,"Male","Graduate",613,613
"10303",66989,"Norwegian","WS",32,"Male","Graduate",698,698
"10304",66990,"Norwegian","WS",26,"Female","Graduate",395,395
"10305",66991,"Norwegian","WS",26,"Male","Primary",55,55
"10306",66992,"Norwegian","WS",30,"Male","Primary",200,200
"10307",66993,"Norwegian","WS",26,"Female","Graduate",633,633
"10308",66994,"Norwegian","WS",26,"Female","Secondary",651,651
"10309",66995,"Norwegian","WS",26,"Male",NA,631,631
"10310",66996,"Norwegian","WS",28,"Female","Graduate",553,553
"10311",66997,"Norwegian","WS",26,"Male",NA,12,12
"10312",66998,"Norwegian","WS",27,"Male",NA,22,22
"10313",66999,"Norwegian","WS",28,"Male",NA,20,20
"10314",67000,"Norwegian","WS",30,"Male",NA,34,34
"10315",67001,"Norwegian","WS",31,"Male",NA,33,33
"10316",67002,"Norwegian","WS",32,"Male",NA,24,24
"10317",67003,"Norwegian","WS",33,"Male",NA,29,29
"10318",67004,"Norwegian","WS",28,"Female","Secondary",527,527
"10319",67005,"Norwegian","WS",26,"Female","Graduate",627,627
"10320",67006,"Norwegian","WS",30,"Female","Graduate",692,692
"10321",67007,"Norwegian","WS",26,"Female",NA,408,408
"10322",67008,"Norwegian","WS",26,"Female",NA,630,630
"10323",67009,"Norwegian","WS",31,"Female",NA,661,661
"10324",67010,"Norwegian","WS",26,"Female","Graduate",576,576
"10325",67011,"Norwegian","WS",28,"Male",NA,385,385
"10326",67012,"Norwegian","WS",32,"Male",NA,402,402
"10327",67013,"Norwegian","WS",26,"Female","Primary",721,721
"10328",67014,"Norwegian","WS",26,"Male",NA,352,352
"10329",67015,"Norwegian","WS",32,"Male",NA,523,523
"10330",67016,"Norwegian","WS",26,"Female",NA,464,464
"10331",67017,"Norwegian","WS",26,"Female",NA,588,588
"10332",67018,"Norwegian","WS",26,"Male",NA,506,506
"10333",67019,"Norwegian","WS",26,"Male","Secondary",493,493
"10334",67020,"Norwegian","WS",31,"Male","Secondary",638,638
"10335",67021,"Norwegian","WS",26,"Male",NA,141,141
"10336",67022,"Norwegian","WS",26,"Female",NA,429,429
"10337",67023,"Norwegian","WS",26,"Male","Secondary",66,66
"10338",67024,"Norwegian","WS",28,"Male","Secondary",71,71
"10339",67025,"Norwegian","WS",29,"Male","Secondary",93,93
"10340",67026,"Norwegian","WS",30,"Male","Secondary",107,107
"10341",67027,"Norwegian","WS",26,"Male",NA,676,676
"10342",67028,"Norwegian","WS",28,"Male","Graduate",266,266
"10343",67029,"Norwegian","WS",26,"Male",NA,361,361
"10344",67030,"Norwegian","WS",26,"Female",NA,426,426
"10345",67031,"Norwegian","WS",26,"Male",NA,410,410
"10346",67032,"Norwegian","WS",26,"Female","Graduate",565,565
"10347",67033,"Norwegian","WS",27,"Male","Graduate",622,622
"10348",67034,"Norwegian","WS",26,"Female","Secondary",424,424
"10349",67035,"Norwegian","WS",26,"Male",NA,185,185
"10350",67036,"Norwegian","WS",28,"Male","Primary",614,614
"10351",67037,"Norwegian","WS",26,"Female",NA,712,712
"10352",67038,"Norwegian","WS",29,"Female",NA,430,430
"10353",67039,"Norwegian","WS",26,"Female",NA,450,450
"10354",67040,"Norwegian","WS",27,"Female",NA,528,528
"10355",67041,"Norwegian","WS",29,"Female",NA,599,599
"10356",67042,"Norwegian","WS",26,"Male",NA,376,376
"10357",67043,"Norwegian","WS",26,"Male","Graduate",582,582
"10358",67044,"Norwegian","WS",28,"Male","Graduate",453,453
"10359",67045,"Norwegian","WS",26,"Female","Secondary",522,522
"10360",67046,"Norwegian","WS",31,"Female","Secondary",679,679
"10361",67047,"Norwegian","WS",28,"Female","Secondary",634,634
"10362",67048,"Norwegian","WS",26,"Female","Graduate",715,715
"10363",67049,"Norwegian","WS",32,"Female","Graduate",720,720
"10364",67050,"Norwegian","WS",26,"Male","Graduate",314,314
"10365",67051,"Norwegian","WS",26,"Female","Graduate",304,304
"10366",67052,"Norwegian","WS",27,"Male",NA,371,371
"10367",67053,"Norwegian","WS",26,"Female","Graduate",355,355
"10368",67054,"Norwegian","WS",26,"Male","Secondary",502,502
"10369",67055,"Norwegian","WS",28,"Female","Graduate",658,658
"10370",67056,"Norwegian","WS",28,"Male","Graduate",533,533
"10371",67057,"Norwegian","WS",28,"Male","Secondary",398,398
"10372",67058,"Norwegian","WS",28,"Female","Graduate",594,594
"10373",67059,"Norwegian","WS",28,"Male","Graduate",76,76
"10374",67060,"Norwegian","WS",28,"Male",NA,179,179
"10375",67061,"Norwegian","WS",26,"Female","Graduate",587,587
"10376",67062,"Norwegian","WS",26,"Male","Graduate",243,243
"10377",67063,"Norwegian","WS",28,"Male","Secondary",511,511
"10378",67064,"Norwegian","WS",26,"Female",NA,664,664
"10379",67065,"Norwegian","WS",26,"Male","Graduate",566,566
"10380",67066,"Norwegian","WS",32,"Male","Graduate",663,663
"10381",67067,"Norwegian","WS",26,"Female","Secondary",646,646
"10382",67068,"Norwegian","WS",26,"Female",NA,516,516
"10383",67069,"Norwegian","WS",30,"Female",NA,603,603
"10384",67070,"Norwegian","WS",26,"Female",NA,442,442
"10385",67071,"Norwegian","WS",26,"Female","Secondary",257,257
"10386",67072,"Norwegian","WS",28,"Female","Secondary",464,464
"10387",67073,"Norwegian","WS",33,"Female","Secondary",667,667
"10388",67074,"Norwegian","WS",26,"Male","Graduate",57,57
"10389",67075,"Norwegian","WS",28,"Male","Graduate",149,149
"10390",67076,"Norwegian","WS",30,"Male","Graduate",239,239
"10391",67077,"Norwegian","WS",32,"Male","Graduate",368,368
"10392",67078,"Norwegian","WS",33,"Male","Graduate",465,465
"10393",67079,"Norwegian","WS",34,"Male","Graduate",552,552
"10394",67080,"Norwegian","WS",28,"Male",NA,514,514
"10395",67081,"Norwegian","WS",26,"Male","Graduate",500,500
"10396",67082,"Norwegian","WS",26,"Female",NA,437,437
"10397",67083,"Norwegian","WS",27,"Male",NA,226,226
"10398",67084,"Norwegian","WS",28,"Male","Graduate",596,596
"10399",67085,"Norwegian","WS",26,"Female","Graduate",500,500
"10400",67086,"Norwegian","WS",29,"Male","Secondary",677,677
"10401",67087,"Norwegian","WS",26,"Female",NA,511,511
"10402",67088,"Norwegian","WS",26,"Male","Secondary",274,274
"10403",67089,"Norwegian","WS",26,"Male",NA,439,439
"10404",67090,"Norwegian","WS",28,"Female",NA,277,277
"10405",67091,"Norwegian","WS",26,"Male",NA,587,587
"10406",67092,"Norwegian","WS",28,"Male","Graduate",562,562
"10407",67093,"Norwegian","WS",32,"Male","Graduate",655,655
"10408",67094,"Norwegian","WS",26,"Male","Secondary",272,272
"10409",67095,"Norwegian","WS",30,"Female","Graduate",620,620
"10410",67096,"Norwegian","WS",26,"Female",NA,231,231
"10411",67097,"Norwegian","WS",32,"Female",NA,372,372
"10412",67098,"Norwegian","WS",26,"Male","Graduate",331,331
"10413",67099,"Norwegian","WS",33,"Male","Graduate",471,471
"10414",67100,"Norwegian","WS",28,"Female",NA,378,378
"10415",67101,"Norwegian","WS",26,"Male",NA,20,20
"10416",67102,"Norwegian","WS",27,"Male","Graduate",464,464
"10417",67103,"Norwegian","WS",32,"Male","Graduate",590,590
"10418",67104,"Norwegian","WS",26,"Female",NA,688,688
"10419",67105,"Norwegian","WS",28,"Female",NA,686,686
"10420",67106,"Norwegian","WS",26,"Male","Graduate",63,63
"10421",67107,"Norwegian","WS",27,"Male",NA,585,585
"10422",67108,"Norwegian","WS",28,"Female","Graduate",500,500
"10423",67109,"Norwegian","WS",26,"Female","Graduate",379,379
"10424",67110,"Norwegian","WS",28,"Female","Secondary",152,152
"10425",67111,"Norwegian","WS",32,"Female","Secondary",379,379
"10426",67112,"Norwegian","WS",26,"Female",NA,292,292
"10427",67113,"Norwegian","WS",26,"Male","Secondary",478,478
"10428",67114,"Norwegian","WS",26,"Male","Secondary",545,545
"10429",67115,"Norwegian","WS",26,"Female",NA,494,494
"10430",67116,"Norwegian","WS",26,"Female","Graduate",7,7
"10431",67117,"Norwegian","WS",28,"Female","Graduate",28,28
"10432",67118,"Norwegian","WS",33,"Female","Graduate",63,63
"10433",67119,"Norwegian","WS",26,"Female","Secondary",620,620
"10434",67120,"Norwegian","WS",26,"Female","Secondary",610,610
"10435",67121,"Norwegian","WS",26,"Female","Graduate",493,493
"10436",67122,"Norwegian","WS",26,"Male","Graduate",653,653
"10437",67123,"Norwegian","WS",28,"Male",NA,628,628
"10438",67124,"Norwegian","WS",26,"Female",NA,643,643
"10439",67125,"Norwegian","WS",32,"Female",NA,669,669
"10440",67126,"Norwegian","WS",26,"Male",NA,539,539
"10441",67127,"Norwegian","WS",26,"Female","Secondary",210,210
"10442",67128,"Norwegian","WS",32,"Female","Secondary",633,633
"10443",67129,"Norwegian","WS",26,"Female",NA,487,487
"10444",67130,"Norwegian","WS",28,"Female",NA,590,590
"10445",67131,"Norwegian","WS",26,"Female",NA,688,688
"10446",67132,"Norwegian","WS",28,"Female",NA,618,618
"10447",67133,"Norwegian","WS",27,"Male",NA,343,343
"10448",67134,"Norwegian","WS",28,"Female","Secondary",369,369
"10449",67135,"Norwegian","WS",27,"Female",NA,378,378
"10450",67136,"Norwegian","WS",32,"Female",NA,562,562
"10451",67137,"Norwegian","WS",28,"Male",NA,281,281
"10452",67138,"Norwegian","WS",31,"Male",NA,499,499
"10453",67139,"Norwegian","WS",32,"Male",NA,498,498
"10454",67140,"Norwegian","WS",34,"Male",NA,577,577
"10455",67141,"Norwegian","WS",26,"Female",NA,661,661
"10456",67142,"Norwegian","WS",26,"Female","Secondary",120,120
"10457",67143,"Norwegian","WS",28,"Female",NA,581,581
"10458",67144,"Norwegian","WS",33,"Female",NA,585,585
"10459",67145,"Norwegian","WS",34,"Female",NA,592,592
"10460",67146,"Norwegian","WS",29,"Male","Secondary",717,717
"10461",67147,"Norwegian","WS",28,"Female","Secondary",491,491
"10462",67148,"Norwegian","WS",26,"Male","Secondary",582,582
"10463",67149,"Norwegian","WS",26,"Female","Graduate",562,562
"10464",67150,"Norwegian","WS",28,"Female","Graduate",634,634
"10465",67151,"Norwegian","WS",26,"Female","Graduate",620,620
"10466",67152,"Norwegian","WS",32,"Female","Graduate",707,707
"10467",67153,"Norwegian","WS",26,"Male",NA,552,552
"10468",67154,"Norwegian","WS",26,"Male","Graduate",200,200
"10469",67155,"Norwegian","WS",33,"Male","Graduate",540,540
"10470",67156,"Norwegian","WS",26,"Female","Secondary",144,144
"10471",67157,"Norwegian","WS",26,"Female",NA,600,600
"10472",67158,"Norwegian","WS",26,"Male",NA,606,606
"10473",67159,"Norwegian","WS",30,"Male",NA,649,649
"10474",67160,"Norwegian","WS",28,"Male",NA,169,169
"10475",67161,"Norwegian","WS",27,"Male","Primary",67,67
"10476",67162,"Norwegian","WS",29,"Male","Primary",50,50
"10477",67163,"Norwegian","WS",31,"Male","Primary",34,34
"10478",67164,"Norwegian","WS",26,"Female","Graduate",657,657
"10479",67165,"Norwegian","WS",32,"Female","Graduate",700,700
"10480",67166,"Norwegian","WS",26,"Male","Secondary",684,684
"10481",67167,"Norwegian","WS",26,"Female","Secondary",150,150
"10482",67168,"Norwegian","WS",32,"Female","Secondary",562,562
"10483",67169,"Norwegian","WS",26,"Female",NA,78,78
"10484",67170,"Norwegian","WS",26,"Female",NA,643,643
"10485",67171,"Norwegian","WS",26,"Male",NA,582,582
"10486",67172,"Norwegian","WS",29,"Female",NA,551,551
"10487",67173,"Norwegian","WS",29,"Female","Graduate",426,426
"10488",67174,"Norwegian","WS",28,"Female",NA,328,328
"10489",67175,"Norwegian","WS",26,"Female",NA,145,145
"10490",67176,"Norwegian","WS",32,"Female",NA,348,348
"10491",67177,"Norwegian","WS",28,"Male",NA,634,634
"10492",67178,"Norwegian","WS",26,"Female","Secondary",0,0
"10493",67179,"Norwegian","WS",26,"Female",NA,487,487
"10494",67180,"Norwegian","WS",29,"Female",NA,547,547
"10495",67181,"Norwegian","WS",31,"Female",NA,411,411
"10496",67182,"Norwegian","WS",32,"Female",NA,571,571
"10497",67183,"Norwegian","WS",26,"Male",NA,433,433
"10498",67184,"Norwegian","WS",32,"Male",NA,659,659
"10499",67185,"Norwegian","WS",29,"Male","Graduate",644,644
"10500",67186,"Norwegian","WS",32,"Male","Graduate",713,713
